9784098252022,藤子・Ｆ・不二雄の発想術,770,220,書籍
9784575517040,Ｎのために,693,110,書籍
9784087441529,マスカレード・ナイト,979,220,書籍
9784167911300,コンビニ人間,660,330,書籍
9784098252022,藤子・Ｆ・不二雄の発想術,770,220,書籍
9784575517040,Ｎのために,693,110,書籍
9784087441529,マスカレード・ナイト,979,220,書籍
9784167911300,コンビニ人間,660,330,書籍
9784098252022,藤子・Ｆ・不二雄の発想術,770,220,書籍
9784575517040,Ｎのために,693,110,書籍
9784087441529,マスカレード・ナイト,979,220,書籍
9784167911300,コンビニ人間,660,330,書籍
9784098252022,藤子・Ｆ・不二雄の発想術,770,220,書籍
9784575517040,Ｎのために,693,110,書籍
9784087441529,マスカレード・ナイト,979,220,書籍
9784167911300,コンビニ人間,660,330,書籍
9784098252022,藤子・Ｆ・不二雄の発想術,770,220,書籍
9784575517040,Ｎのために,693,110,書籍
9784087441529,マスカレード・ナイト,979,220,書籍
9784167911300,コンビニ人間,660,330,書籍
9784098252022,藤子・Ｆ・不二雄の発想術,770,220,書籍
9784575517040,Ｎのために,693,110,書籍
9784087441529,マスカレード・ナイト,979,220,書籍
9784167911300,コンビニ人間,660,330,書籍
9784098252022,藤子・Ｆ・不二雄の発想術,770,220,書籍
9784575517040,Ｎのために,693,110,書籍
9784087441529,マスカレード・ナイト,979,220,書籍
9784167911300,コンビニ人間,660,330,書籍
9784098252022,藤子・Ｆ・不二雄の発想術,770,220,書籍
9784575517040,Ｎのために,693,110,書籍
9784098252022,藤子・Ｆ・不二雄の発想術,770,220,書籍
9784575517040,Ｎのために,693,110,書籍
9784087441529,マスカレード・ナイト,979,220,書籍
9784167911300,コンビニ人間,660,330,書籍
9784098252022,藤子・Ｆ・不二雄の発想術,770,220,書籍
9784575517040,Ｎのために,693,110,書籍
9784087441529,マスカレード・ナイト,979,220,書籍
9784167911300,コンビニ人間,660,330,書籍
9784098252022,藤子・Ｆ・不二雄の発想術,770,220,書籍
9784575517040,Ｎのために,693,110,書籍
9784087441529,マスカレード・ナイト,979,220,書籍
9784167911300,コンビニ人間,660,330,書籍
9784098252022,藤子・Ｆ・不二雄の発想術,770,220,書籍
9784575517040,Ｎのために,693,110,書籍
9784087441529,マスカレード・ナイト,979,220,書籍
9784167911300,コンビニ人間,660,330,書籍
9784098252022,藤子・Ｆ・不二雄の発想術,770,220,書籍
9784575517040,Ｎのために,693,110,書籍
9784087441529,マスカレード・ナイト,979,220,書籍
9784167911300,コンビニ人間,660,330,書籍
9784098252022,藤子・Ｆ・不二雄の発想術,770,220,書籍
9784575517040,Ｎのために,693,110,書籍
9784087441529,マスカレード・ナイト,979,220,書籍
9784167911300,コンビニ人間,660,330,書籍
9784098252022,藤子・Ｆ・不二雄の発想術,770,220,書籍
9784575517040,Ｎのために,693,110,書籍
9784087441529,マスカレード・ナイト,979,220,書籍
9784167911300,コンビニ人間,660,330,書籍
9784098252022,藤子・Ｆ・不二雄の発想術,770,220,書籍
9784575517040,Ｎのために,693,110,書籍
9784098252022,藤子・Ｆ・不二雄の発想術,770,220,書籍
9784575517040,Ｎのために,693,110,書籍
9784087441529,マスカレード・ナイト,979,220,書籍
9784167911300,コンビニ人間,660,330,書籍
9784098252022,藤子・Ｆ・不二雄の発想術,770,220,書籍
9784575517040,Ｎのために,693,110,書籍
9784087441529,マスカレード・ナイト,979,220,書籍
9784167911300,コンビニ人間,660,330,書籍
9784098252022,藤子・Ｆ・不二雄の発想術,770,220,書籍
9784575517040,Ｎのために,693,110,書籍
9784087441529,マスカレード・ナイト,979,220,書籍
9784167911300,コンビニ人間,660,330,書籍
9784098252022,藤子・Ｆ・不二雄の発想術,770,220,書籍
9784575517040,Ｎのために,693,110,書籍
9784087441529,マスカレード・ナイト,979,220,書籍
9784167911300,コンビニ人間,660,330,書籍
9784098252022,藤子・Ｆ・不二雄の発想術,770,220,書籍
9784575517040,Ｎのために,693,110,書籍
9784087441529,マスカレード・ナイト,979,220,書籍
9784167911300,コンビニ人間,660,330,書籍
9784098252022,藤子・Ｆ・不二雄の発想術,770,220,書籍
9784575517040,Ｎのために,693,110,書籍
9784087441529,マスカレード・ナイト,979,220,書籍
9784167911300,コンビニ人間,660,330,書籍
9784098252022,藤子・Ｆ・不二雄の発想術,770,220,書籍
9784575517040,Ｎのために,693,110,書籍
9784087441529,マスカレード・ナイト,979,220,書籍
9784167911300,コンビニ人間,660,330,書籍
9784098252022,藤子・Ｆ・不二雄の発想術,770,220,書籍
9784575517040,Ｎのために,693,110,書籍
9784098252022,藤子・Ｆ・不二雄の発想術,770,220,書籍
9784575517040,Ｎのために,693,110,書籍
9784087441529,マスカレード・ナイト,979,220,書籍
9784167911300,コンビニ人間,660,330,書籍
9784098252022,藤子・Ｆ・不二雄の発想術,770,220,書籍
9784575517040,Ｎのために,693,110,書籍
9784087441529,マスカレード・ナイト,979,220,書籍
9784167911300,コンビニ人間,660,330,書籍
9784098252022,藤子・Ｆ・不二雄の発想術,770,220,書籍
9784575517040,Ｎのために,693,110,書籍
9784087441529,マスカレード・ナイト,979,220,書籍
9784167911300,コンビニ人間,660,330,書籍
9784098252022,藤子・Ｆ・不二雄の発想術,770,220,書籍
9784575517040,Ｎのために,693,110,書籍
9784087441529,マスカレード・ナイト,979,220,書籍
9784167911300,コンビニ人間,660,330,書籍
9784098252022,藤子・Ｆ・不二雄の発想術,770,220,書籍
9784575517040,Ｎのために,693,110,書籍
9784087441529,マスカレード・ナイト,979,220,書籍
9784167911300,コンビニ人間,660,330,書籍
9784098252022,藤子・Ｆ・不二雄の発想術,770,220,書籍
9784575517040,Ｎのために,693,110,書籍
9784087441529,マスカレード・ナイト,979,220,書籍
9784167911300,コンビニ人間,660,330,書籍
9784098252022,藤子・Ｆ・不二雄の発想術,770,220,書籍
9784575517040,Ｎのために,693,110,書籍
9784087441529,マスカレード・ナイト,979,220,書籍
9784167911300,コンビニ人間,660,330,書籍
9784098252022,藤子・Ｆ・不二雄の発想術,770,220,書籍
9784575517040,Ｎのために,693,110,書籍
9784098252022,藤子・Ｆ・不二雄の発想術,770,220,書籍
9784575517040,Ｎのために,693,110,書籍
9784087441529,マスカレード・ナイト,979,220,書籍
9784167911300,コンビニ人間,660,330,書籍
9784098252022,藤子・Ｆ・不二雄の発想術,770,220,書籍
9784575517040,Ｎのために,693,110,書籍
9784087441529,マスカレード・ナイト,979,220,書籍
9784167911300,コンビニ人間,660,330,書籍
9784098252022,藤子・Ｆ・不二雄の発想術,770,220,書籍
9784575517040,Ｎのために,693,110,書籍
9784087441529,マスカレード・ナイト,979,220,書籍
9784167911300,コンビニ人間,660,330,書籍
9784098252022,藤子・Ｆ・不二雄の発想術,770,220,書籍
9784575517040,Ｎのために,693,110,書籍
9784087441529,マスカレード・ナイト,979,220,書籍
9784167911300,コンビニ人間,660,330,書籍
9784098252022,藤子・Ｆ・不二雄の発想術,770,220,書籍
9784575517040,Ｎのために,693,110,書籍
9784087441529,マスカレード・ナイト,979,220,書籍
9784167911300,コンビニ人間,660,330,書籍
9784098252022,藤子・Ｆ・不二雄の発想術,770,220,書籍
9784575517040,Ｎのために,693,110,書籍
9784087441529,マスカレード・ナイト,979,220,書籍
9784167911300,コンビニ人間,660,330,書籍
9784098252022,藤子・Ｆ・不二雄の発想術,770,220,書籍
9784575517040,Ｎのために,693,110,書籍
9784087441529,マスカレード・ナイト,979,220,書籍
9784167911300,コンビニ人間,660,330,書籍
9784098252022,藤子・Ｆ・不二雄の発想術,770,220,書籍
9784575517040,Ｎのために,693,110,書籍
9784098252022,藤子・Ｆ・不二雄の発想術,770,220,書籍
9784575517040,Ｎのために,693,110,書籍
9784087441529,マスカレード・ナイト,979,220,書籍
9784167911300,コンビニ人間,660,330,書籍
9784098252022,藤子・Ｆ・不二雄の発想術,770,220,書籍
9784575517040,Ｎのために,693,110,書籍
9784087441529,マスカレード・ナイト,979,220,書籍
9784167911300,コンビニ人間,660,330,書籍
9784098252022,藤子・Ｆ・不二雄の発想術,770,220,書籍
9784575517040,Ｎのために,693,110,書籍
9784087441529,マスカレード・ナイト,979,220,書籍
9784167911300,コンビニ人間,660,330,書籍
9784098252022,藤子・Ｆ・不二雄の発想術,770,220,書籍
9784575517040,Ｎのために,693,110,書籍
9784087441529,マスカレード・ナイト,979,220,書籍
9784167911300,コンビニ人間,660,330,書籍
9784098252022,藤子・Ｆ・不二雄の発想術,770,220,書籍
9784575517040,Ｎのために,693,110,書籍
9784087441529,マスカレード・ナイト,979,220,書籍
9784167911300,コンビニ人間,660,330,書籍
9784098252022,藤子・Ｆ・不二雄の発想術,770,220,書籍
9784575517040,Ｎのために,693,110,書籍
9784087441529,マスカレード・ナイト,979,220,書籍
9784167911300,コンビニ人間,660,330,書籍
9784098252022,藤子・Ｆ・不二雄の発想術,770,220,書籍
9784575517040,Ｎのために,693,110,書籍
9784087441529,マスカレード・ナイト,979,220,書籍
9784167911300,コンビニ人間,660,330,書籍
9784098252022,藤子・Ｆ・不二雄の発想術,770,220,書籍
9784575517040,Ｎのために,693,110,書籍
9784098252022,藤子・Ｆ・不二雄の発想術,770,220,書籍
9784575517040,Ｎのために,693,110,書籍
9784087441529,マスカレード・ナイト,979,220,書籍
9784167911300,コンビニ人間,660,330,書籍
9784098252022,藤子・Ｆ・不二雄の発想術,770,220,書籍
9784575517040,Ｎのために,693,110,書籍
9784087441529,マスカレード・ナイト,979,220,書籍
9784167911300,コンビニ人間,660,330,書籍
9784098252022,藤子・Ｆ・不二雄の発想術,770,220,書籍
9784575517040,Ｎのために,693,110,書籍
9784087441529,マスカレード・ナイト,979,220,書籍
9784167911300,コンビニ人間,660,330,書籍
9784098252022,藤子・Ｆ・不二雄の発想術,770,220,書籍
9784575517040,Ｎのために,693,110,書籍
9784087441529,マスカレード・ナイト,979,220,書籍
9784167911300,コンビニ人間,660,330,書籍
9784098252022,藤子・Ｆ・不二雄の発想術,770,220,書籍
9784575517040,Ｎのために,693,110,書籍
9784087441529,マスカレード・ナイト,979,220,書籍
9784167911300,コンビニ人間,660,330,書籍
9784098252022,藤子・Ｆ・不二雄の発想術,770,220,書籍
9784575517040,Ｎのために,693,110,書籍
9784087441529,マスカレード・ナイト,979,220,書籍
9784167911300,コンビニ人間,660,330,書籍
9784098252022,藤子・Ｆ・不二雄の発想術,770,220,書籍
9784575517040,Ｎのために,693,110,書籍
9784087441529,マスカレード・ナイト,979,220,書籍
9784167911300,コンビニ人間,660,330,書籍
9784098252022,藤子・Ｆ・不二雄の発想術,770,220,書籍
9784575517040,Ｎのために,693,110,書籍
9784098252022,藤子・Ｆ・不二雄の発想術,770,220,書籍
9784575517040,Ｎのために,693,110,書籍
9784087441529,マスカレード・ナイト,979,220,書籍
9784167911300,コンビニ人間,660,330,書籍
9784098252022,藤子・Ｆ・不二雄の発想術,770,220,書籍
9784575517040,Ｎのために,693,110,書籍
9784087441529,マスカレード・ナイト,979,220,書籍
9784167911300,コンビニ人間,660,330,書籍
9784098252022,藤子・Ｆ・不二雄の発想術,770,220,書籍
9784575517040,Ｎのために,693,110,書籍
9784087441529,マスカレード・ナイト,979,220,書籍
9784167911300,コンビニ人間,660,330,書籍
9784098252022,藤子・Ｆ・不二雄の発想術,770,220,書籍
9784575517040,Ｎのために,693,110,書籍
9784087441529,マスカレード・ナイト,979,220,書籍
9784167911300,コンビニ人間,660,330,書籍
9784098252022,藤子・Ｆ・不二雄の発想術,770,220,書籍
9784575517040,Ｎのために,693,110,書籍
9784087441529,マスカレード・ナイト,979,220,書籍
9784167911300,コンビニ人間,660,330,書籍
9784098252022,藤子・Ｆ・不二雄の発想術,770,220,書籍
9784575517040,Ｎのために,693,110,書籍
9784087441529,マスカレード・ナイト,979,220,書籍
9784167911300,コンビニ人間,660,330,書籍
9784098252022,藤子・Ｆ・不二雄の発想術,770,220,書籍
9784575517040,Ｎのために,693,110,書籍
9784087441529,マスカレード・ナイト,979,220,書籍
9784167911300,コンビニ人間,660,330,書籍
9784098252022,藤子・Ｆ・不二雄の発想術,770,220,書籍
9784575517040,Ｎのために,693,110,書籍
9784098252022,藤子・Ｆ・不二雄の発想術,770,220,書籍
9784575517040,Ｎのために,693,110,書籍
9784087441529,マスカレード・ナイト,979,220,書籍
9784167911300,コンビニ人間,660,330,書籍
9784098252022,藤子・Ｆ・不二雄の発想術,770,220,書籍
9784575517040,Ｎのために,693,110,書籍
9784087441529,マスカレード・ナイト,979,220,書籍
9784167911300,コンビニ人間,660,330,書籍
9784098252022,藤子・Ｆ・不二雄の発想術,770,220,書籍
9784575517040,Ｎのために,693,110,書籍
9784087441529,マスカレード・ナイト,979,220,書籍
9784167911300,コンビニ人間,660,330,書籍
9784098252022,藤子・Ｆ・不二雄の発想術,770,220,書籍
9784575517040,Ｎのために,693,110,書籍
9784087441529,マスカレード・ナイト,979,220,書籍
9784167911300,コンビニ人間,660,330,書籍
9784098252022,藤子・Ｆ・不二雄の発想術,770,220,書籍
9784575517040,Ｎのために,693,110,書籍
9784087441529,マスカレード・ナイト,979,220,書籍
9784167911300,コンビニ人間,660,330,書籍
9784098252022,藤子・Ｆ・不二雄の発想術,770,220,書籍
9784575517040,Ｎのために,693,110,書籍
9784087441529,マスカレード・ナイト,979,220,書籍
9784167911300,コンビニ人間,660,330,書籍
9784098252022,藤子・Ｆ・不二雄の発想術,770,220,書籍
9784575517040,Ｎのために,693,110,書籍
9784087441529,マスカレード・ナイト,979,220,書籍
9784167911300,コンビニ人間,660,330,書籍
9784098252022,藤子・Ｆ・不二雄の発想術,770,220,書籍
9784575517040,Ｎのために,693,110,書籍
9784098252022,藤子・Ｆ・不二雄の発想術,770,220,書籍
9784575517040,Ｎのために,693,110,書籍
9784087441529,マスカレード・ナイト,979,220,書籍
9784167911300,コンビニ人間,660,330,書籍
9784098252022,藤子・Ｆ・不二雄の発想術,770,220,書籍
9784575517040,Ｎのために,693,110,書籍
9784087441529,マスカレード・ナイト,979,220,書籍
9784167911300,コンビニ人間,660,330,書籍
9784098252022,藤子・Ｆ・不二雄の発想術,770,220,書籍
9784575517040,Ｎのために,693,110,書籍
9784087441529,マスカレード・ナイト,979,220,書籍
9784167911300,コンビニ人間,660,330,書籍
9784098252022,藤子・Ｆ・不二雄の発想術,770,220,書籍
9784575517040,Ｎのために,693,110,書籍
9784087441529,マスカレード・ナイト,979,220,書籍
9784167911300,コンビニ人間,660,330,書籍
9784098252022,藤子・Ｆ・不二雄の発想術,770,220,書籍
9784575517040,Ｎのために,693,110,書籍
9784087441529,マスカレード・ナイト,979,220,書籍
9784167911300,コンビニ人間,660,330,書籍
9784098252022,藤子・Ｆ・不二雄の発想術,770,220,書籍
9784575517040,Ｎのために,693,110,書籍
9784087441529,マスカレード・ナイト,979,220,書籍
9784167911300,コンビニ人間,660,330,書籍
9784098252022,藤子・Ｆ・不二雄の発想術,770,220,書籍
9784575517040,Ｎのために,693,110,書籍
9784087441529,マスカレード・ナイト,979,220,書籍
9784167911300,コンビニ人間,660,330,書籍
9784098252022,藤子・Ｆ・不二雄の発想術,770,220,書籍
9784575517040,Ｎのために,693,110,書籍
